{"parent": "minecraft:item/handheld", "textures": {"layer0": "minecraft:item/blaze_rod"}, "overrides": [{"predicate": {"custom_model_data": 1}, "model": "item/bone_blaze_rod"}, {"predicate": {"custom_model_data": 2}, "model": "item/diamond_blaze_rod"}, {"predicate": {"custom_model_data": 3}, "model": "item/dragon_breath_blaze_rod"}, {"predicate": {"custom_model_data": 4}, "model": "item/emerald_blaze_rod"}, {"predicate": {"custom_model_data": 5}, "model": "item/ender_eye_blaze_rod"}, {"predicate": {"custom_model_data": 6}, "model": "item/experience_bottle_blaze_rod"}, {"predicate": {"custom_model_data": 7}, "model": "item/feather_blaze_rod"}, {"predicate": {"custom_model_data": 8}, "model": "item/firework_rocket_blaze_rod"}, {"predicate": {"custom_model_data": 9}, "model": "item/ghast_tear_blaze_rod"}, {"predicate": {"custom_model_data": 10}, "model": "item/golden_apple_blaze_rod"}, {"predicate": {"custom_model_data": 11}, "model": "item/golden_carrot_blaze_rod"}, {"predicate": {"custom_model_data": 12}, "model": "item/gold_ingot_blaze_rod"}, {"predicate": {"custom_model_data": 13}, "model": "item/gold_nugget_blaze_rod"}, {"predicate": {"custom_model_data": 14}, "model": "item/gunpowder_blaze_rod"}, {"predicate": {"custom_model_data": 15}, "model": "item/honeycomb_blaze_rod"}, {"predicate": {"custom_model_data": 16}, "model": "item/honey_bottle_blaze_rod"}, {"predicate": {"custom_model_data": 17}, "model": "item/iron_ingot_blaze_rod"}, {"predicate": {"custom_model_data": 18}, "model": "item/iron_nugget_blaze_rod"}, {"predicate": {"custom_model_data": 19}, "model": "item/lapis_lazuli_blaze_rod"}, {"predicate": {"custom_model_data": 20}, "model": "item/leather_blaze_rod"}, {"predicate": {"custom_model_data": 21}, "model": "item/nautilus_shell_blaze_rod"}, {"predicate": {"custom_model_data": 22}, "model": "item/netherite_ingot_blaze_rod"}, {"predicate": {"custom_model_data": 23}, "model": "item/netherite_scrap_blaze_rod"}, {"predicate": {"custom_model_data": 24}, "model": "item/nether_star_blaze_rod"}, {"predicate": {"custom_model_data": 25}, "model": "item/phantom_membrane_blaze_rod"}, {"predicate": {"custom_model_data": 26}, "model": "item/poisonous_potato_blaze_rod"}, {"predicate": {"custom_model_data": 27}, "model": "item/pufferfish_blaze_rod"}, {"predicate": {"custom_model_data": 28}, "model": "item/rabbit_foot_blaze_rod"}, {"predicate": {"custom_model_data": 29}, "model": "item/rabbit_hide_blaze_rod"}, {"predicate": {"custom_model_data": 30}, "model": "item/rotten_flesh_blaze_rod"}, {"predicate": {"custom_model_data": 31}, "model": "item/ruby_blaze_rod"}, {"predicate": {"custom_model_data": 32}, "model": "item/salmon_blaze_rod"}, {"predicate": {"custom_model_data": 33}, "model": "item/scute_blaze_rod"}, {"predicate": {"custom_model_data": 34}, "model": "item/slime_ball_blaze_rod"}, {"predicate": {"custom_model_data": 35}, "model": "item/spider_eye_blaze_rod"}, {"predicate": {"custom_model_data": 36}, "model": "item/sugar_blaze_rod"}, {"predicate": {"custom_model_data": 37}, "model": "item/wheat_blaze_rod"}]}