{"parent": "minecraft:item/generated", "textures": {"layer0": "minecraft:item/blue_dye"}, "overrides": [{"predicate": {"custom_model_data": 1}, "model": "item/bone_blue_dye"}, {"predicate": {"custom_model_data": 2}, "model": "item/diamond_blue_dye"}, {"predicate": {"custom_model_data": 3}, "model": "item/dragon_breath_blue_dye"}, {"predicate": {"custom_model_data": 4}, "model": "item/emerald_blue_dye"}, {"predicate": {"custom_model_data": 5}, "model": "item/ender_eye_blue_dye"}, {"predicate": {"custom_model_data": 6}, "model": "item/experience_bottle_blue_dye"}, {"predicate": {"custom_model_data": 7}, "model": "item/feather_blue_dye"}, {"predicate": {"custom_model_data": 8}, "model": "item/firework_rocket_blue_dye"}, {"predicate": {"custom_model_data": 9}, "model": "item/ghast_tear_blue_dye"}, {"predicate": {"custom_model_data": 10}, "model": "item/golden_apple_blue_dye"}, {"predicate": {"custom_model_data": 11}, "model": "item/golden_carrot_blue_dye"}, {"predicate": {"custom_model_data": 12}, "model": "item/gold_ingot_blue_dye"}, {"predicate": {"custom_model_data": 13}, "model": "item/gold_nugget_blue_dye"}, {"predicate": {"custom_model_data": 14}, "model": "item/gunpowder_blue_dye"}, {"predicate": {"custom_model_data": 15}, "model": "item/honeycomb_blue_dye"}, {"predicate": {"custom_model_data": 16}, "model": "item/honey_bottle_blue_dye"}, {"predicate": {"custom_model_data": 17}, "model": "item/iron_ingot_blue_dye"}, {"predicate": {"custom_model_data": 18}, "model": "item/iron_nugget_blue_dye"}, {"predicate": {"custom_model_data": 19}, "model": "item/lapis_lazuli_blue_dye"}, {"predicate": {"custom_model_data": 20}, "model": "item/leather_blue_dye"}, {"predicate": {"custom_model_data": 21}, "model": "item/nautilus_shell_blue_dye"}, {"predicate": {"custom_model_data": 22}, "model": "item/netherite_ingot_blue_dye"}, {"predicate": {"custom_model_data": 23}, "model": "item/netherite_scrap_blue_dye"}, {"predicate": {"custom_model_data": 24}, "model": "item/nether_star_blue_dye"}, {"predicate": {"custom_model_data": 25}, "model": "item/phantom_membrane_blue_dye"}, {"predicate": {"custom_model_data": 26}, "model": "item/poisonous_potato_blue_dye"}, {"predicate": {"custom_model_data": 27}, "model": "item/pufferfish_blue_dye"}, {"predicate": {"custom_model_data": 28}, "model": "item/rabbit_foot_blue_dye"}, {"predicate": {"custom_model_data": 29}, "model": "item/rabbit_hide_blue_dye"}, {"predicate": {"custom_model_data": 30}, "model": "item/rotten_flesh_blue_dye"}, {"predicate": {"custom_model_data": 31}, "model": "item/ruby_blue_dye"}, {"predicate": {"custom_model_data": 32}, "model": "item/salmon_blue_dye"}, {"predicate": {"custom_model_data": 33}, "model": "item/scute_blue_dye"}, {"predicate": {"custom_model_data": 34}, "model": "item/slime_ball_blue_dye"}, {"predicate": {"custom_model_data": 35}, "model": "item/spider_eye_blue_dye"}, {"predicate": {"custom_model_data": 36}, "model": "item/sugar_blue_dye"}, {"predicate": {"custom_model_data": 37}, "model": "item/wheat_blue_dye"}]}