{"parent": "minecraft:item/generated", "textures": {"layer0": "minecraft:item/bone_meal"}, "overrides": [{"predicate": {"custom_model_data": 1}, "model": "item/bone_bone_meal"}, {"predicate": {"custom_model_data": 2}, "model": "item/diamond_bone_meal"}, {"predicate": {"custom_model_data": 3}, "model": "item/dragon_breath_bone_meal"}, {"predicate": {"custom_model_data": 4}, "model": "item/emerald_bone_meal"}, {"predicate": {"custom_model_data": 5}, "model": "item/ender_eye_bone_meal"}, {"predicate": {"custom_model_data": 6}, "model": "item/experience_bottle_bone_meal"}, {"predicate": {"custom_model_data": 7}, "model": "item/feather_bone_meal"}, {"predicate": {"custom_model_data": 8}, "model": "item/firework_rocket_bone_meal"}, {"predicate": {"custom_model_data": 9}, "model": "item/ghast_tear_bone_meal"}, {"predicate": {"custom_model_data": 10}, "model": "item/golden_apple_bone_meal"}, {"predicate": {"custom_model_data": 11}, "model": "item/golden_carrot_bone_meal"}, {"predicate": {"custom_model_data": 12}, "model": "item/gold_ingot_bone_meal"}, {"predicate": {"custom_model_data": 13}, "model": "item/gold_nugget_bone_meal"}, {"predicate": {"custom_model_data": 14}, "model": "item/gunpowder_bone_meal"}, {"predicate": {"custom_model_data": 15}, "model": "item/honeycomb_bone_meal"}, {"predicate": {"custom_model_data": 16}, "model": "item/honey_bottle_bone_meal"}, {"predicate": {"custom_model_data": 17}, "model": "item/iron_ingot_bone_meal"}, {"predicate": {"custom_model_data": 18}, "model": "item/iron_nugget_bone_meal"}, {"predicate": {"custom_model_data": 19}, "model": "item/lapis_lazuli_bone_meal"}, {"predicate": {"custom_model_data": 20}, "model": "item/leather_bone_meal"}, {"predicate": {"custom_model_data": 21}, "model": "item/nautilus_shell_bone_meal"}, {"predicate": {"custom_model_data": 22}, "model": "item/netherite_ingot_bone_meal"}, {"predicate": {"custom_model_data": 23}, "model": "item/netherite_scrap_bone_meal"}, {"predicate": {"custom_model_data": 24}, "model": "item/nether_star_bone_meal"}, {"predicate": {"custom_model_data": 25}, "model": "item/phantom_membrane_bone_meal"}, {"predicate": {"custom_model_data": 26}, "model": "item/poisonous_potato_bone_meal"}, {"predicate": {"custom_model_data": 27}, "model": "item/pufferfish_bone_meal"}, {"predicate": {"custom_model_data": 28}, "model": "item/rabbit_foot_bone_meal"}, {"predicate": {"custom_model_data": 29}, "model": "item/rabbit_hide_bone_meal"}, {"predicate": {"custom_model_data": 30}, "model": "item/rotten_flesh_bone_meal"}, {"predicate": {"custom_model_data": 31}, "model": "item/ruby_bone_meal"}, {"predicate": {"custom_model_data": 32}, "model": "item/salmon_bone_meal"}, {"predicate": {"custom_model_data": 33}, "model": "item/scute_bone_meal"}, {"predicate": {"custom_model_data": 34}, "model": "item/slime_ball_bone_meal"}, {"predicate": {"custom_model_data": 35}, "model": "item/spider_eye_bone_meal"}, {"predicate": {"custom_model_data": 36}, "model": "item/sugar_bone_meal"}, {"predicate": {"custom_model_data": 37}, "model": "item/wheat_bone_meal"}]}