{"parent": "item/generated", "textures": {"layer0": "item/bow"}, "display": {"thirdperson_righthand": {"rotation": [-80, 260, -40], "translation": [-1, -2, 2.5], "scale": [0.9, 0.9, 0.9]}, "thirdperson_lefthand": {"rotation": [-80, -280, 40], "translation": [-1, -2, 2.5], "scale": [0.9, 0.9, 0.9]}, "firstperson_righthand": {"rotation": [0, -90, 25], "translation": [1.13, 3.2, 1.13], "scale": [0.68, 0.68, 0.68]}, "firstperson_lefthand": {"rotation": [0, 90, -25], "translation": [1.13, 3.2, 1.13], "scale": [0.68, 0.68, 0.68]}}, "overrides": [{"predicate": {"custom_model_data": 1}, "model": "item/bone_bow"}, {"predicate": {"custom_model_data": 2}, "model": "item/diamond_bow"}, {"predicate": {"custom_model_data": 3}, "model": "item/dragon_breath_bow"}, {"predicate": {"custom_model_data": 4}, "model": "item/emerald_bow"}, {"predicate": {"custom_model_data": 5}, "model": "item/ender_eye_bow"}, {"predicate": {"custom_model_data": 6}, "model": "item/experience_bottle_bow"}, {"predicate": {"custom_model_data": 7}, "model": "item/feather_bow"}, {"predicate": {"custom_model_data": 8}, "model": "item/firework_rocket_bow"}, {"predicate": {"custom_model_data": 9}, "model": "item/ghast_tear_bow"}, {"predicate": {"custom_model_data": 10}, "model": "item/golden_apple_bow"}, {"predicate": {"custom_model_data": 11}, "model": "item/golden_carrot_bow"}, {"predicate": {"custom_model_data": 12}, "model": "item/gold_ingot_bow"}, {"predicate": {"custom_model_data": 13}, "model": "item/gold_nugget_bow"}, {"predicate": {"custom_model_data": 14}, "model": "item/gunpowder_bow"}, {"predicate": {"custom_model_data": 15}, "model": "item/honeycomb_bow"}, {"predicate": {"custom_model_data": 16}, "model": "item/honey_bottle_bow"}, {"predicate": {"custom_model_data": 17}, "model": "item/iron_ingot_bow"}, {"predicate": {"custom_model_data": 18}, "model": "item/iron_nugget_bow"}, {"predicate": {"custom_model_data": 19}, "model": "item/lapis_lazuli_bow"}, {"predicate": {"custom_model_data": 20}, "model": "item/leather_bow"}, {"predicate": {"custom_model_data": 21}, "model": "item/nautilus_shell_bow"}, {"predicate": {"custom_model_data": 22}, "model": "item/netherite_ingot_bow"}, {"predicate": {"custom_model_data": 23}, "model": "item/netherite_scrap_bow"}, {"predicate": {"custom_model_data": 24}, "model": "item/nether_star_bow"}, {"predicate": {"custom_model_data": 25}, "model": "item/phantom_membrane_bow"}, {"predicate": {"custom_model_data": 26}, "model": "item/poisonous_potato_bow"}, {"predicate": {"custom_model_data": 27}, "model": "item/pufferfish_bow"}, {"predicate": {"custom_model_data": 28}, "model": "item/rabbit_foot_bow"}, {"predicate": {"custom_model_data": 29}, "model": "item/rabbit_hide_bow"}, {"predicate": {"custom_model_data": 30}, "model": "item/rotten_flesh_bow"}, {"predicate": {"custom_model_data": 31}, "model": "item/ruby_bow"}, {"predicate": {"custom_model_data": 32}, "model": "item/salmon_bow"}, {"predicate": {"custom_model_data": 33}, "model": "item/scute_bow"}, {"predicate": {"custom_model_data": 34}, "model": "item/slime_ball_bow"}, {"predicate": {"custom_model_data": 35}, "model": "item/spider_eye_bow"}, {"predicate": {"custom_model_data": 36}, "model": "item/sugar_bow"}, {"predicate": {"custom_model_data": 37}, "model": "item/wheat_bow"}]}