{"parent": "minecraft:item/generated", "textures": {"layer0": "minecraft:item/brown_dye"}, "overrides": [{"predicate": {"custom_model_data": 1}, "model": "item/bone_brown_dye"}, {"predicate": {"custom_model_data": 2}, "model": "item/diamond_brown_dye"}, {"predicate": {"custom_model_data": 3}, "model": "item/dragon_breath_brown_dye"}, {"predicate": {"custom_model_data": 4}, "model": "item/emerald_brown_dye"}, {"predicate": {"custom_model_data": 5}, "model": "item/ender_eye_brown_dye"}, {"predicate": {"custom_model_data": 6}, "model": "item/experience_bottle_brown_dye"}, {"predicate": {"custom_model_data": 7}, "model": "item/feather_brown_dye"}, {"predicate": {"custom_model_data": 8}, "model": "item/firework_rocket_brown_dye"}, {"predicate": {"custom_model_data": 9}, "model": "item/ghast_tear_brown_dye"}, {"predicate": {"custom_model_data": 10}, "model": "item/golden_apple_brown_dye"}, {"predicate": {"custom_model_data": 11}, "model": "item/golden_carrot_brown_dye"}, {"predicate": {"custom_model_data": 12}, "model": "item/gold_ingot_brown_dye"}, {"predicate": {"custom_model_data": 13}, "model": "item/gold_nugget_brown_dye"}, {"predicate": {"custom_model_data": 14}, "model": "item/gunpowder_brown_dye"}, {"predicate": {"custom_model_data": 15}, "model": "item/honeycomb_brown_dye"}, {"predicate": {"custom_model_data": 16}, "model": "item/honey_bottle_brown_dye"}, {"predicate": {"custom_model_data": 17}, "model": "item/iron_ingot_brown_dye"}, {"predicate": {"custom_model_data": 18}, "model": "item/iron_nugget_brown_dye"}, {"predicate": {"custom_model_data": 19}, "model": "item/lapis_lazuli_brown_dye"}, {"predicate": {"custom_model_data": 20}, "model": "item/leather_brown_dye"}, {"predicate": {"custom_model_data": 21}, "model": "item/nautilus_shell_brown_dye"}, {"predicate": {"custom_model_data": 22}, "model": "item/netherite_ingot_brown_dye"}, {"predicate": {"custom_model_data": 23}, "model": "item/netherite_scrap_brown_dye"}, {"predicate": {"custom_model_data": 24}, "model": "item/nether_star_brown_dye"}, {"predicate": {"custom_model_data": 25}, "model": "item/phantom_membrane_brown_dye"}, {"predicate": {"custom_model_data": 26}, "model": "item/poisonous_potato_brown_dye"}, {"predicate": {"custom_model_data": 27}, "model": "item/pufferfish_brown_dye"}, {"predicate": {"custom_model_data": 28}, "model": "item/rabbit_foot_brown_dye"}, {"predicate": {"custom_model_data": 29}, "model": "item/rabbit_hide_brown_dye"}, {"predicate": {"custom_model_data": 30}, "model": "item/rotten_flesh_brown_dye"}, {"predicate": {"custom_model_data": 31}, "model": "item/ruby_brown_dye"}, {"predicate": {"custom_model_data": 32}, "model": "item/salmon_brown_dye"}, {"predicate": {"custom_model_data": 33}, "model": "item/scute_brown_dye"}, {"predicate": {"custom_model_data": 34}, "model": "item/slime_ball_brown_dye"}, {"predicate": {"custom_model_data": 35}, "model": "item/spider_eye_brown_dye"}, {"predicate": {"custom_model_data": 36}, "model": "item/sugar_brown_dye"}, {"predicate": {"custom_model_data": 37}, "model": "item/wheat_brown_dye"}]}