{"parent": "minecraft:item/generated", "textures": {"layer0": "minecraft:item/chicken"}, "overrides": [{"predicate": {"custom_model_data": 1}, "model": "item/bone_chicken"}, {"predicate": {"custom_model_data": 2}, "model": "item/diamond_chicken"}, {"predicate": {"custom_model_data": 3}, "model": "item/dragon_breath_chicken"}, {"predicate": {"custom_model_data": 4}, "model": "item/emerald_chicken"}, {"predicate": {"custom_model_data": 5}, "model": "item/ender_eye_chicken"}, {"predicate": {"custom_model_data": 6}, "model": "item/experience_bottle_chicken"}, {"predicate": {"custom_model_data": 7}, "model": "item/feather_chicken"}, {"predicate": {"custom_model_data": 8}, "model": "item/firework_rocket_chicken"}, {"predicate": {"custom_model_data": 9}, "model": "item/ghast_tear_chicken"}, {"predicate": {"custom_model_data": 10}, "model": "item/golden_apple_chicken"}, {"predicate": {"custom_model_data": 11}, "model": "item/golden_carrot_chicken"}, {"predicate": {"custom_model_data": 12}, "model": "item/gold_ingot_chicken"}, {"predicate": {"custom_model_data": 13}, "model": "item/gold_nugget_chicken"}, {"predicate": {"custom_model_data": 14}, "model": "item/gunpowder_chicken"}, {"predicate": {"custom_model_data": 15}, "model": "item/honeycomb_chicken"}, {"predicate": {"custom_model_data": 16}, "model": "item/honey_bottle_chicken"}, {"predicate": {"custom_model_data": 17}, "model": "item/iron_ingot_chicken"}, {"predicate": {"custom_model_data": 18}, "model": "item/iron_nugget_chicken"}, {"predicate": {"custom_model_data": 19}, "model": "item/lapis_lazuli_chicken"}, {"predicate": {"custom_model_data": 20}, "model": "item/leather_chicken"}, {"predicate": {"custom_model_data": 21}, "model": "item/nautilus_shell_chicken"}, {"predicate": {"custom_model_data": 22}, "model": "item/netherite_ingot_chicken"}, {"predicate": {"custom_model_data": 23}, "model": "item/netherite_scrap_chicken"}, {"predicate": {"custom_model_data": 24}, "model": "item/nether_star_chicken"}, {"predicate": {"custom_model_data": 25}, "model": "item/phantom_membrane_chicken"}, {"predicate": {"custom_model_data": 26}, "model": "item/poisonous_potato_chicken"}, {"predicate": {"custom_model_data": 27}, "model": "item/pufferfish_chicken"}, {"predicate": {"custom_model_data": 28}, "model": "item/rabbit_foot_chicken"}, {"predicate": {"custom_model_data": 29}, "model": "item/rabbit_hide_chicken"}, {"predicate": {"custom_model_data": 30}, "model": "item/rotten_flesh_chicken"}, {"predicate": {"custom_model_data": 31}, "model": "item/ruby_chicken"}, {"predicate": {"custom_model_data": 32}, "model": "item/salmon_chicken"}, {"predicate": {"custom_model_data": 33}, "model": "item/scute_chicken"}, {"predicate": {"custom_model_data": 34}, "model": "item/slime_ball_chicken"}, {"predicate": {"custom_model_data": 35}, "model": "item/spider_eye_chicken"}, {"predicate": {"custom_model_data": 36}, "model": "item/sugar_chicken"}, {"predicate": {"custom_model_data": 37}, "model": "item/wheat_chicken"}]}