{"parent": "minecraft:item/generated", "textures": {"layer0": "minecraft:item/coal"}, "overrides": [{"predicate": {"custom_model_data": 1}, "model": "item/bone_coal"}, {"predicate": {"custom_model_data": 2}, "model": "item/diamond_coal"}, {"predicate": {"custom_model_data": 3}, "model": "item/dragon_breath_coal"}, {"predicate": {"custom_model_data": 4}, "model": "item/emerald_coal"}, {"predicate": {"custom_model_data": 5}, "model": "item/ender_eye_coal"}, {"predicate": {"custom_model_data": 6}, "model": "item/experience_bottle_coal"}, {"predicate": {"custom_model_data": 7}, "model": "item/feather_coal"}, {"predicate": {"custom_model_data": 8}, "model": "item/firework_rocket_coal"}, {"predicate": {"custom_model_data": 9}, "model": "item/ghast_tear_coal"}, {"predicate": {"custom_model_data": 10}, "model": "item/golden_apple_coal"}, {"predicate": {"custom_model_data": 11}, "model": "item/golden_carrot_coal"}, {"predicate": {"custom_model_data": 12}, "model": "item/gold_ingot_coal"}, {"predicate": {"custom_model_data": 13}, "model": "item/gold_nugget_coal"}, {"predicate": {"custom_model_data": 14}, "model": "item/gunpowder_coal"}, {"predicate": {"custom_model_data": 15}, "model": "item/honeycomb_coal"}, {"predicate": {"custom_model_data": 16}, "model": "item/honey_bottle_coal"}, {"predicate": {"custom_model_data": 17}, "model": "item/iron_ingot_coal"}, {"predicate": {"custom_model_data": 18}, "model": "item/iron_nugget_coal"}, {"predicate": {"custom_model_data": 19}, "model": "item/lapis_lazuli_coal"}, {"predicate": {"custom_model_data": 20}, "model": "item/leather_coal"}, {"predicate": {"custom_model_data": 21}, "model": "item/nautilus_shell_coal"}, {"predicate": {"custom_model_data": 22}, "model": "item/netherite_ingot_coal"}, {"predicate": {"custom_model_data": 23}, "model": "item/netherite_scrap_coal"}, {"predicate": {"custom_model_data": 24}, "model": "item/nether_star_coal"}, {"predicate": {"custom_model_data": 25}, "model": "item/phantom_membrane_coal"}, {"predicate": {"custom_model_data": 26}, "model": "item/poisonous_potato_coal"}, {"predicate": {"custom_model_data": 27}, "model": "item/pufferfish_coal"}, {"predicate": {"custom_model_data": 28}, "model": "item/rabbit_foot_coal"}, {"predicate": {"custom_model_data": 29}, "model": "item/rabbit_hide_coal"}, {"predicate": {"custom_model_data": 30}, "model": "item/rotten_flesh_coal"}, {"predicate": {"custom_model_data": 31}, "model": "item/ruby_coal"}, {"predicate": {"custom_model_data": 32}, "model": "item/salmon_coal"}, {"predicate": {"custom_model_data": 33}, "model": "item/scute_coal"}, {"predicate": {"custom_model_data": 34}, "model": "item/slime_ball_coal"}, {"predicate": {"custom_model_data": 35}, "model": "item/spider_eye_coal"}, {"predicate": {"custom_model_data": 36}, "model": "item/sugar_coal"}, {"predicate": {"custom_model_data": 37}, "model": "item/wheat_coal"}]}