{"parent": "item/generated", "textures": {"layer0": "item/crossbow_standby"}, "display": {"thirdperson_righthand": {"rotation": [-90, 0, -60], "translation": [2, 0.1, -3], "scale": [0.9, 0.9, 0.9]}, "thirdperson_lefthand": {"rotation": [-90, 0, 30], "translation": [2, 0.1, -3], "scale": [0.9, 0.9, 0.9]}, "firstperson_righthand": {"rotation": [-90, 0, -55], "translation": [1.13, 3.2, 1.13], "scale": [0.68, 0.68, 0.68]}, "firstperson_lefthand": {"rotation": [-90, 0, 35], "translation": [1.13, 3.2, 1.13], "scale": [0.68, 0.68, 0.68]}}, "overrides": [{"predicate": {"custom_model_data": 1}, "model": "item/bone_crossbow_standby"}, {"predicate": {"pulling": 1, "custom_model_data": 1}, "model": "item/bone_crossbow_pulling_0"}, {"predicate": {"pulling": 1, "pull": 0.58, "custom_model_data": 1}, "model": "item/bone_crossbow_pulling_1"}, {"predicate": {"pulling": 1, "pull": 1.0, "custom_model_data": 1}, "model": "item/bone_crossbow_pulling_2"}, {"predicate": {"charged": 1, "custom_model_data": 1}, "model": "item/bone_crossbow_arrow"}, {"predicate": {"charged": 1, "firework": 1, "custom_model_data": 1}, "model": "item/bone_crossbow_firework"}, {"predicate": {"custom_model_data": 2}, "model": "item/diamond_crossbow_standby"}, {"predicate": {"pulling": 1, "custom_model_data": 2}, "model": "item/diamond_crossbow_pulling_0"}, {"predicate": {"pulling": 1, "pull": 0.58, "custom_model_data": 2}, "model": "item/diamond_crossbow_pulling_1"}, {"predicate": {"pulling": 1, "pull": 1.0, "custom_model_data": 2}, "model": "item/diamond_crossbow_pulling_2"}, {"predicate": {"charged": 1, "custom_model_data": 2}, "model": "item/diamond_crossbow_arrow"}, {"predicate": {"charged": 1, "firework": 1, "custom_model_data": 2}, "model": "item/diamond_crossbow_firework"}, {"predicate": {"custom_model_data": 3}, "model": "item/dragon_breath_crossbow_standby"}, {"predicate": {"pulling": 1, "custom_model_data": 3}, "model": "item/dragon_breath_crossbow_pulling_0"}, {"predicate": {"pulling": 1, "pull": 0.58, "custom_model_data": 3}, "model": "item/dragon_breath_crossbow_pulling_1"}, {"predicate": {"pulling": 1, "pull": 1.0, "custom_model_data": 3}, "model": "item/dragon_breath_crossbow_pulling_2"}, {"predicate": {"charged": 1, "custom_model_data": 3}, "model": "item/dragon_breath_crossbow_arrow"}, {"predicate": {"charged": 1, "firework": 1, "custom_model_data": 3}, "model": "item/dragon_breath_crossbow_firework"}, {"predicate": {"custom_model_data": 4}, "model": "item/emerald_crossbow_standby"}, {"predicate": {"pulling": 1, "custom_model_data": 4}, "model": "item/emerald_crossbow_pulling_0"}, {"predicate": {"pulling": 1, "pull": 0.58, "custom_model_data": 4}, "model": "item/emerald_crossbow_pulling_1"}, {"predicate": {"pulling": 1, "pull": 1.0, "custom_model_data": 4}, "model": "item/emerald_crossbow_pulling_2"}, {"predicate": {"charged": 1, "custom_model_data": 4}, "model": "item/emerald_crossbow_arrow"}, {"predicate": {"charged": 1, "firework": 1, "custom_model_data": 4}, "model": "item/emerald_crossbow_firework"}, {"predicate": {"custom_model_data": 5}, "model": "item/ender_eye_crossbow_standby"}, {"predicate": {"pulling": 1, "custom_model_data": 5}, "model": "item/ender_eye_crossbow_pulling_0"}, {"predicate": {"pulling": 1, "pull": 0.58, "custom_model_data": 5}, "model": "item/ender_eye_crossbow_pulling_1"}, {"predicate": {"pulling": 1, "pull": 1.0, "custom_model_data": 5}, "model": "item/ender_eye_crossbow_pulling_2"}, {"predicate": {"charged": 1, "custom_model_data": 5}, "model": "item/ender_eye_crossbow_arrow"}, {"predicate": {"charged": 1, "firework": 1, "custom_model_data": 5}, "model": "item/ender_eye_crossbow_firework"}, {"predicate": {"custom_model_data": 6}, "model": "item/experience_bottle_crossbow_standby"}, {"predicate": {"pulling": 1, "custom_model_data": 6}, "model": "item/experience_bottle_crossbow_pulling_0"}, {"predicate": {"pulling": 1, "pull": 0.58, "custom_model_data": 6}, "model": "item/experience_bottle_crossbow_pulling_1"}, {"predicate": {"pulling": 1, "pull": 1.0, "custom_model_data": 6}, "model": "item/experience_bottle_crossbow_pulling_2"}, {"predicate": {"charged": 1, "custom_model_data": 6}, "model": "item/experience_bottle_crossbow_arrow"}, {"predicate": {"charged": 1, "firework": 1, "custom_model_data": 6}, "model": "item/experience_bottle_crossbow_firework"}, {"predicate": {"custom_model_data": 7}, "model": "item/feather_crossbow_standby"}, {"predicate": {"pulling": 1, "custom_model_data": 7}, "model": "item/feather_crossbow_pulling_0"}, {"predicate": {"pulling": 1, "pull": 0.58, "custom_model_data": 7}, "model": "item/feather_crossbow_pulling_1"}, {"predicate": {"pulling": 1, "pull": 1.0, "custom_model_data": 7}, "model": "item/feather_crossbow_pulling_2"}, {"predicate": {"charged": 1, "custom_model_data": 7}, "model": "item/feather_crossbow_arrow"}, {"predicate": {"charged": 1, "firework": 1, "custom_model_data": 7}, "model": "item/feather_crossbow_firework"}, {"predicate": {"custom_model_data": 8}, "model": "item/firework_rocket_crossbow_standby"}, {"predicate": {"pulling": 1, "custom_model_data": 8}, "model": "item/firework_rocket_crossbow_pulling_0"}, {"predicate": {"pulling": 1, "pull": 0.58, "custom_model_data": 8}, "model": "item/firework_rocket_crossbow_pulling_1"}, {"predicate": {"pulling": 1, "pull": 1.0, "custom_model_data": 8}, "model": "item/firework_rocket_crossbow_pulling_2"}, {"predicate": {"charged": 1, "custom_model_data": 8}, "model": "item/firework_rocket_crossbow_arrow"}, {"predicate": {"charged": 1, "firework": 1, "custom_model_data": 8}, "model": "item/firework_rocket_crossbow_firework"}, {"predicate": {"custom_model_data": 9}, "model": "item/ghast_tear_crossbow_standby"}, {"predicate": {"pulling": 1, "custom_model_data": 9}, "model": "item/ghast_tear_crossbow_pulling_0"}, {"predicate": {"pulling": 1, "pull": 0.58, "custom_model_data": 9}, "model": "item/ghast_tear_crossbow_pulling_1"}, {"predicate": {"pulling": 1, "pull": 1.0, "custom_model_data": 9}, "model": "item/ghast_tear_crossbow_pulling_2"}, {"predicate": {"charged": 1, "custom_model_data": 9}, "model": "item/ghast_tear_crossbow_arrow"}, {"predicate": {"charged": 1, "firework": 1, "custom_model_data": 9}, "model": "item/ghast_tear_crossbow_firework"}, {"predicate": {"custom_model_data": 10}, "model": "item/golden_apple_crossbow_standby"}, {"predicate": {"pulling": 1, "custom_model_data": 10}, "model": "item/golden_apple_crossbow_pulling_0"}, {"predicate": {"pulling": 1, "pull": 0.58, "custom_model_data": 10}, "model": "item/golden_apple_crossbow_pulling_1"}, {"predicate": {"pulling": 1, "pull": 1.0, "custom_model_data": 10}, "model": "item/golden_apple_crossbow_pulling_2"}, {"predicate": {"charged": 1, "custom_model_data": 10}, "model": "item/golden_apple_crossbow_arrow"}, {"predicate": {"charged": 1, "firework": 1, "custom_model_data": 10}, "model": "item/golden_apple_crossbow_firework"}, {"predicate": {"custom_model_data": 11}, "model": "item/golden_carrot_crossbow_standby"}, {"predicate": {"pulling": 1, "custom_model_data": 11}, "model": "item/golden_carrot_crossbow_pulling_0"}, {"predicate": {"pulling": 1, "pull": 0.58, "custom_model_data": 11}, "model": "item/golden_carrot_crossbow_pulling_1"}, {"predicate": {"pulling": 1, "pull": 1.0, "custom_model_data": 11}, "model": "item/golden_carrot_crossbow_pulling_2"}, {"predicate": {"charged": 1, "custom_model_data": 11}, "model": "item/golden_carrot_crossbow_arrow"}, {"predicate": {"charged": 1, "firework": 1, "custom_model_data": 11}, "model": "item/golden_carrot_crossbow_firework"}, {"predicate": {"custom_model_data": 12}, "model": "item/gold_ingot_crossbow_standby"}, {"predicate": {"pulling": 1, "custom_model_data": 12}, "model": "item/gold_ingot_crossbow_pulling_0"}, {"predicate": {"pulling": 1, "pull": 0.58, "custom_model_data": 12}, "model": "item/gold_ingot_crossbow_pulling_1"}, {"predicate": {"pulling": 1, "pull": 1.0, "custom_model_data": 12}, "model": "item/gold_ingot_crossbow_pulling_2"}, {"predicate": {"charged": 1, "custom_model_data": 12}, "model": "item/gold_ingot_crossbow_arrow"}, {"predicate": {"charged": 1, "firework": 1, "custom_model_data": 12}, "model": "item/gold_ingot_crossbow_firework"}, {"predicate": {"custom_model_data": 13}, "model": "item/gold_nugget_crossbow_standby"}, {"predicate": {"pulling": 1, "custom_model_data": 13}, "model": "item/gold_nugget_crossbow_pulling_0"}, {"predicate": {"pulling": 1, "pull": 0.58, "custom_model_data": 13}, "model": "item/gold_nugget_crossbow_pulling_1"}, {"predicate": {"pulling": 1, "pull": 1.0, "custom_model_data": 13}, "model": "item/gold_nugget_crossbow_pulling_2"}, {"predicate": {"charged": 1, "custom_model_data": 13}, "model": "item/gold_nugget_crossbow_arrow"}, {"predicate": {"charged": 1, "firework": 1, "custom_model_data": 13}, "model": "item/gold_nugget_crossbow_firework"}, {"predicate": {"custom_model_data": 14}, "model": "item/gunpowder_crossbow_standby"}, {"predicate": {"pulling": 1, "custom_model_data": 14}, "model": "item/gunpowder_crossbow_pulling_0"}, {"predicate": {"pulling": 1, "pull": 0.58, "custom_model_data": 14}, "model": "item/gunpowder_crossbow_pulling_1"}, {"predicate": {"pulling": 1, "pull": 1.0, "custom_model_data": 14}, "model": "item/gunpowder_crossbow_pulling_2"}, {"predicate": {"charged": 1, "custom_model_data": 14}, "model": "item/gunpowder_crossbow_arrow"}, {"predicate": {"charged": 1, "firework": 1, "custom_model_data": 14}, "model": "item/gunpowder_crossbow_firework"}, {"predicate": {"custom_model_data": 15}, "model": "item/honeycomb_crossbow_standby"}, {"predicate": {"pulling": 1, "custom_model_data": 15}, "model": "item/honeycomb_crossbow_pulling_0"}, {"predicate": {"pulling": 1, "pull": 0.58, "custom_model_data": 15}, "model": "item/honeycomb_crossbow_pulling_1"}, {"predicate": {"pulling": 1, "pull": 1.0, "custom_model_data": 15}, "model": "item/honeycomb_crossbow_pulling_2"}, {"predicate": {"charged": 1, "custom_model_data": 15}, "model": "item/honeycomb_crossbow_arrow"}, {"predicate": {"charged": 1, "firework": 1, "custom_model_data": 15}, "model": "item/honeycomb_crossbow_firework"}, {"predicate": {"custom_model_data": 16}, "model": "item/honey_bottle_crossbow_standby"}, {"predicate": {"pulling": 1, "custom_model_data": 16}, "model": "item/honey_bottle_crossbow_pulling_0"}, {"predicate": {"pulling": 1, "pull": 0.58, "custom_model_data": 16}, "model": "item/honey_bottle_crossbow_pulling_1"}, {"predicate": {"pulling": 1, "pull": 1.0, "custom_model_data": 16}, "model": "item/honey_bottle_crossbow_pulling_2"}, {"predicate": {"charged": 1, "custom_model_data": 16}, "model": "item/honey_bottle_crossbow_arrow"}, {"predicate": {"charged": 1, "firework": 1, "custom_model_data": 16}, "model": "item/honey_bottle_crossbow_firework"}, {"predicate": {"custom_model_data": 17}, "model": "item/iron_ingot_crossbow_standby"}, {"predicate": {"pulling": 1, "custom_model_data": 17}, "model": "item/iron_ingot_crossbow_pulling_0"}, {"predicate": {"pulling": 1, "pull": 0.58, "custom_model_data": 17}, "model": "item/iron_ingot_crossbow_pulling_1"}, {"predicate": {"pulling": 1, "pull": 1.0, "custom_model_data": 17}, "model": "item/iron_ingot_crossbow_pulling_2"}, {"predicate": {"charged": 1, "custom_model_data": 17}, "model": "item/iron_ingot_crossbow_arrow"}, {"predicate": {"charged": 1, "firework": 1, "custom_model_data": 17}, "model": "item/iron_ingot_crossbow_firework"}, {"predicate": {"custom_model_data": 18}, "model": "item/iron_nugget_crossbow_standby"}, {"predicate": {"pulling": 1, "custom_model_data": 18}, "model": "item/iron_nugget_crossbow_pulling_0"}, {"predicate": {"pulling": 1, "pull": 0.58, "custom_model_data": 18}, "model": "item/iron_nugget_crossbow_pulling_1"}, {"predicate": {"pulling": 1, "pull": 1.0, "custom_model_data": 18}, "model": "item/iron_nugget_crossbow_pulling_2"}, {"predicate": {"charged": 1, "custom_model_data": 18}, "model": "item/iron_nugget_crossbow_arrow"}, {"predicate": {"charged": 1, "firework": 1, "custom_model_data": 18}, "model": "item/iron_nugget_crossbow_firework"}, {"predicate": {"custom_model_data": 19}, "model": "item/lapis_lazuli_crossbow_standby"}, {"predicate": {"pulling": 1, "custom_model_data": 19}, "model": "item/lapis_lazuli_crossbow_pulling_0"}, {"predicate": {"pulling": 1, "pull": 0.58, "custom_model_data": 19}, "model": "item/lapis_lazuli_crossbow_pulling_1"}, {"predicate": {"pulling": 1, "pull": 1.0, "custom_model_data": 19}, "model": "item/lapis_lazuli_crossbow_pulling_2"}, {"predicate": {"charged": 1, "custom_model_data": 19}, "model": "item/lapis_lazuli_crossbow_arrow"}, {"predicate": {"charged": 1, "firework": 1, "custom_model_data": 19}, "model": "item/lapis_lazuli_crossbow_firework"}, {"predicate": {"custom_model_data": 20}, "model": "item/leather_crossbow_standby"}, {"predicate": {"pulling": 1, "custom_model_data": 20}, "model": "item/leather_crossbow_pulling_0"}, {"predicate": {"pulling": 1, "pull": 0.58, "custom_model_data": 20}, "model": "item/leather_crossbow_pulling_1"}, {"predicate": {"pulling": 1, "pull": 1.0, "custom_model_data": 20}, "model": "item/leather_crossbow_pulling_2"}, {"predicate": {"charged": 1, "custom_model_data": 20}, "model": "item/leather_crossbow_arrow"}, {"predicate": {"charged": 1, "firework": 1, "custom_model_data": 20}, "model": "item/leather_crossbow_firework"}, {"predicate": {"custom_model_data": 21}, "model": "item/nautilus_shell_crossbow_standby"}, {"predicate": {"pulling": 1, "custom_model_data": 21}, "model": "item/nautilus_shell_crossbow_pulling_0"}, {"predicate": {"pulling": 1, "pull": 0.58, "custom_model_data": 21}, "model": "item/nautilus_shell_crossbow_pulling_1"}, {"predicate": {"pulling": 1, "pull": 1.0, "custom_model_data": 21}, "model": "item/nautilus_shell_crossbow_pulling_2"}, {"predicate": {"charged": 1, "custom_model_data": 21}, "model": "item/nautilus_shell_crossbow_arrow"}, {"predicate": {"charged": 1, "firework": 1, "custom_model_data": 21}, "model": "item/nautilus_shell_crossbow_firework"}, {"predicate": {"custom_model_data": 22}, "model": "item/netherite_ingot_crossbow_standby"}, {"predicate": {"pulling": 1, "custom_model_data": 22}, "model": "item/netherite_ingot_crossbow_pulling_0"}, {"predicate": {"pulling": 1, "pull": 0.58, "custom_model_data": 22}, "model": "item/netherite_ingot_crossbow_pulling_1"}, {"predicate": {"pulling": 1, "pull": 1.0, "custom_model_data": 22}, "model": "item/netherite_ingot_crossbow_pulling_2"}, {"predicate": {"charged": 1, "custom_model_data": 22}, "model": "item/netherite_ingot_crossbow_arrow"}, {"predicate": {"charged": 1, "firework": 1, "custom_model_data": 22}, "model": "item/netherite_ingot_crossbow_firework"}, {"predicate": {"custom_model_data": 23}, "model": "item/netherite_scrap_crossbow_standby"}, {"predicate": {"pulling": 1, "custom_model_data": 23}, "model": "item/netherite_scrap_crossbow_pulling_0"}, {"predicate": {"pulling": 1, "pull": 0.58, "custom_model_data": 23}, "model": "item/netherite_scrap_crossbow_pulling_1"}, {"predicate": {"pulling": 1, "pull": 1.0, "custom_model_data": 23}, "model": "item/netherite_scrap_crossbow_pulling_2"}, {"predicate": {"charged": 1, "custom_model_data": 23}, "model": "item/netherite_scrap_crossbow_arrow"}, {"predicate": {"charged": 1, "firework": 1, "custom_model_data": 23}, "model": "item/netherite_scrap_crossbow_firework"}, {"predicate": {"custom_model_data": 24}, "model": "item/nether_star_crossbow_standby"}, {"predicate": {"pulling": 1, "custom_model_data": 24}, "model": "item/nether_star_crossbow_pulling_0"}, {"predicate": {"pulling": 1, "pull": 0.58, "custom_model_data": 24}, "model": "item/nether_star_crossbow_pulling_1"}, {"predicate": {"pulling": 1, "pull": 1.0, "custom_model_data": 24}, "model": "item/nether_star_crossbow_pulling_2"}, {"predicate": {"charged": 1, "custom_model_data": 24}, "model": "item/nether_star_crossbow_arrow"}, {"predicate": {"charged": 1, "firework": 1, "custom_model_data": 24}, "model": "item/nether_star_crossbow_firework"}, {"predicate": {"custom_model_data": 25}, "model": "item/phantom_membrane_crossbow_standby"}, {"predicate": {"pulling": 1, "custom_model_data": 25}, "model": "item/phantom_membrane_crossbow_pulling_0"}, {"predicate": {"pulling": 1, "pull": 0.58, "custom_model_data": 25}, "model": "item/phantom_membrane_crossbow_pulling_1"}, {"predicate": {"pulling": 1, "pull": 1.0, "custom_model_data": 25}, "model": "item/phantom_membrane_crossbow_pulling_2"}, {"predicate": {"charged": 1, "custom_model_data": 25}, "model": "item/phantom_membrane_crossbow_arrow"}, {"predicate": {"charged": 1, "firework": 1, "custom_model_data": 25}, "model": "item/phantom_membrane_crossbow_firework"}, {"predicate": {"custom_model_data": 26}, "model": "item/poisonous_potato_crossbow_standby"}, {"predicate": {"pulling": 1, "custom_model_data": 26}, "model": "item/poisonous_potato_crossbow_pulling_0"}, {"predicate": {"pulling": 1, "pull": 0.58, "custom_model_data": 26}, "model": "item/poisonous_potato_crossbow_pulling_1"}, {"predicate": {"pulling": 1, "pull": 1.0, "custom_model_data": 26}, "model": "item/poisonous_potato_crossbow_pulling_2"}, {"predicate": {"charged": 1, "custom_model_data": 26}, "model": "item/poisonous_potato_crossbow_arrow"}, {"predicate": {"charged": 1, "firework": 1, "custom_model_data": 26}, "model": "item/poisonous_potato_crossbow_firework"}, {"predicate": {"custom_model_data": 27}, "model": "item/pufferfish_crossbow_standby"}, {"predicate": {"pulling": 1, "custom_model_data": 27}, "model": "item/pufferfish_crossbow_pulling_0"}, {"predicate": {"pulling": 1, "pull": 0.58, "custom_model_data": 27}, "model": "item/pufferfish_crossbow_pulling_1"}, {"predicate": {"pulling": 1, "pull": 1.0, "custom_model_data": 27}, "model": "item/pufferfish_crossbow_pulling_2"}, {"predicate": {"charged": 1, "custom_model_data": 27}, "model": "item/pufferfish_crossbow_arrow"}, {"predicate": {"charged": 1, "firework": 1, "custom_model_data": 27}, "model": "item/pufferfish_crossbow_firework"}, {"predicate": {"custom_model_data": 28}, "model": "item/rabbit_foot_crossbow_standby"}, {"predicate": {"pulling": 1, "custom_model_data": 28}, "model": "item/rabbit_foot_crossbow_pulling_0"}, {"predicate": {"pulling": 1, "pull": 0.58, "custom_model_data": 28}, "model": "item/rabbit_foot_crossbow_pulling_1"}, {"predicate": {"pulling": 1, "pull": 1.0, "custom_model_data": 28}, "model": "item/rabbit_foot_crossbow_pulling_2"}, {"predicate": {"charged": 1, "custom_model_data": 28}, "model": "item/rabbit_foot_crossbow_arrow"}, {"predicate": {"charged": 1, "firework": 1, "custom_model_data": 28}, "model": "item/rabbit_foot_crossbow_firework"}, {"predicate": {"custom_model_data": 29}, "model": "item/rabbit_hide_crossbow_standby"}, {"predicate": {"pulling": 1, "custom_model_data": 29}, "model": "item/rabbit_hide_crossbow_pulling_0"}, {"predicate": {"pulling": 1, "pull": 0.58, "custom_model_data": 29}, "model": "item/rabbit_hide_crossbow_pulling_1"}, {"predicate": {"pulling": 1, "pull": 1.0, "custom_model_data": 29}, "model": "item/rabbit_hide_crossbow_pulling_2"}, {"predicate": {"charged": 1, "custom_model_data": 29}, "model": "item/rabbit_hide_crossbow_arrow"}, {"predicate": {"charged": 1, "firework": 1, "custom_model_data": 29}, "model": "item/rabbit_hide_crossbow_firework"}, {"predicate": {"custom_model_data": 30}, "model": "item/rotten_flesh_crossbow_standby"}, {"predicate": {"pulling": 1, "custom_model_data": 30}, "model": "item/rotten_flesh_crossbow_pulling_0"}, {"predicate": {"pulling": 1, "pull": 0.58, "custom_model_data": 30}, "model": "item/rotten_flesh_crossbow_pulling_1"}, {"predicate": {"pulling": 1, "pull": 1.0, "custom_model_data": 30}, "model": "item/rotten_flesh_crossbow_pulling_2"}, {"predicate": {"charged": 1, "custom_model_data": 30}, "model": "item/rotten_flesh_crossbow_arrow"}, {"predicate": {"charged": 1, "firework": 1, "custom_model_data": 30}, "model": "item/rotten_flesh_crossbow_firework"}, {"predicate": {"custom_model_data": 31}, "model": "item/ruby_crossbow_standby"}, {"predicate": {"pulling": 1, "custom_model_data": 31}, "model": "item/ruby_crossbow_pulling_0"}, {"predicate": {"pulling": 1, "pull": 0.58, "custom_model_data": 31}, "model": "item/ruby_crossbow_pulling_1"}, {"predicate": {"pulling": 1, "pull": 1.0, "custom_model_data": 31}, "model": "item/ruby_crossbow_pulling_2"}, {"predicate": {"charged": 1, "custom_model_data": 31}, "model": "item/ruby_crossbow_arrow"}, {"predicate": {"charged": 1, "firework": 1, "custom_model_data": 31}, "model": "item/ruby_crossbow_firework"}, {"predicate": {"custom_model_data": 32}, "model": "item/salmon_crossbow_standby"}, {"predicate": {"pulling": 1, "custom_model_data": 32}, "model": "item/salmon_crossbow_pulling_0"}, {"predicate": {"pulling": 1, "pull": 0.58, "custom_model_data": 32}, "model": "item/salmon_crossbow_pulling_1"}, {"predicate": {"pulling": 1, "pull": 1.0, "custom_model_data": 32}, "model": "item/salmon_crossbow_pulling_2"}, {"predicate": {"charged": 1, "custom_model_data": 32}, "model": "item/salmon_crossbow_arrow"}, {"predicate": {"charged": 1, "firework": 1, "custom_model_data": 32}, "model": "item/salmon_crossbow_firework"}, {"predicate": {"custom_model_data": 33}, "model": "item/scute_crossbow_standby"}, {"predicate": {"pulling": 1, "custom_model_data": 33}, "model": "item/scute_crossbow_pulling_0"}, {"predicate": {"pulling": 1, "pull": 0.58, "custom_model_data": 33}, "model": "item/scute_crossbow_pulling_1"}, {"predicate": {"pulling": 1, "pull": 1.0, "custom_model_data": 33}, "model": "item/scute_crossbow_pulling_2"}, {"predicate": {"charged": 1, "custom_model_data": 33}, "model": "item/scute_crossbow_arrow"}, {"predicate": {"charged": 1, "firework": 1, "custom_model_data": 33}, "model": "item/scute_crossbow_firework"}, {"predicate": {"custom_model_data": 34}, "model": "item/slime_ball_crossbow_standby"}, {"predicate": {"pulling": 1, "custom_model_data": 34}, "model": "item/slime_ball_crossbow_pulling_0"}, {"predicate": {"pulling": 1, "pull": 0.58, "custom_model_data": 34}, "model": "item/slime_ball_crossbow_pulling_1"}, {"predicate": {"pulling": 1, "pull": 1.0, "custom_model_data": 34}, "model": "item/slime_ball_crossbow_pulling_2"}, {"predicate": {"charged": 1, "custom_model_data": 34}, "model": "item/slime_ball_crossbow_arrow"}, {"predicate": {"charged": 1, "firework": 1, "custom_model_data": 34}, "model": "item/slime_ball_crossbow_firework"}, {"predicate": {"custom_model_data": 35}, "model": "item/spider_eye_crossbow_standby"}, {"predicate": {"pulling": 1, "custom_model_data": 35}, "model": "item/spider_eye_crossbow_pulling_0"}, {"predicate": {"pulling": 1, "pull": 0.58, "custom_model_data": 35}, "model": "item/spider_eye_crossbow_pulling_1"}, {"predicate": {"pulling": 1, "pull": 1.0, "custom_model_data": 35}, "model": "item/spider_eye_crossbow_pulling_2"}, {"predicate": {"charged": 1, "custom_model_data": 35}, "model": "item/spider_eye_crossbow_arrow"}, {"predicate": {"charged": 1, "firework": 1, "custom_model_data": 35}, "model": "item/spider_eye_crossbow_firework"}, {"predicate": {"custom_model_data": 36}, "model": "item/sugar_crossbow_standby"}, {"predicate": {"pulling": 1, "custom_model_data": 36}, "model": "item/sugar_crossbow_pulling_0"}, {"predicate": {"pulling": 1, "pull": 0.58, "custom_model_data": 36}, "model": "item/sugar_crossbow_pulling_1"}, {"predicate": {"pulling": 1, "pull": 1.0, "custom_model_data": 36}, "model": "item/sugar_crossbow_pulling_2"}, {"predicate": {"charged": 1, "custom_model_data": 36}, "model": "item/sugar_crossbow_arrow"}, {"predicate": {"charged": 1, "firework": 1, "custom_model_data": 36}, "model": "item/sugar_crossbow_firework"}, {"predicate": {"custom_model_data": 37}, "model": "item/wheat_crossbow_standby"}, {"predicate": {"pulling": 1, "custom_model_data": 37}, "model": "item/wheat_crossbow_pulling_0"}, {"predicate": {"pulling": 1, "pull": 0.58, "custom_model_data": 37}, "model": "item/wheat_crossbow_pulling_1"}, {"predicate": {"pulling": 1, "pull": 1.0, "custom_model_data": 37}, "model": "item/wheat_crossbow_pulling_2"}, {"predicate": {"charged": 1, "custom_model_data": 37}, "model": "item/wheat_crossbow_arrow"}, {"predicate": {"charged": 1, "firework": 1, "custom_model_data": 37}, "model": "item/wheat_crossbow_firework"}]}